id,cluster
8aff426d-b8c0-43aa-ad26-835ef4de6129,0
37e624be-b125-464f-85b6-1838530193ef,3
b8257184-6307-46ab-b06e-d979336d1263,2
63140d1f-dda8-40fe-8931-bcaba65d5772,1
11cffc57-44be-4d79-bfd5-97482be566d3,1
75fae2b7-8107-4ce2-a9d5-1189b4cd3b21,1
973d80a1-f1b8-461b-bb25-7d8852968b1c,2
8fe87807-dae8-4341-94fd-2ab91f176464,2
c18a7f01-1cb6-4987-a2cc-93251d3719b9,1
0777b4fd-292a-439b-848f-d772ee28c3b8,1
a0e91fd1-b00b-4ff7-8633-62657662b03b,2
84be5122-71d5-4a35-a912-fd2911e3c64f,0
0f595b0b-2253-4585-a672-fda592da7191,0
920dcf5c-136f-4ffc-9449-03f00c1b5a46,3
facd942d-02a2-46bf-936c-e3afd39ee20d,1
140d30f7-f16d-4455-a448-516ab6616812,1
178a48ef-f870-46d7-ba3c-c94b35477459,1
69d1f6b7-dc43-4dfd-90da-507a8dfd23d2,1
ca60a74b-7cdc-4098-a20c-2de916dcb66b,0
df6085e7-42f9-4ce3-92b0-3a7a24159a61,0
e46aa804-164c-4907-a7ca-07a99d66d1b6,3
094422ce-696c-482d-9927-c3cfbf347f7a,3
a462a4cb-bbaa-4417-b876-4b8606c6f8db,0
7729084d-fc2d-41d8-a8df-891da74078f1,1
86008598-05ed-4532-8a70-e8ee8daf3796,1
06bf89b8-3e0b-4be9-a611-1e656cae34eb,1
502b3359-ee17-4ecc-8046-ceb4e6559fb8,1
0543ec11-51e5-4b6e-8ff3-bd1dc271d768,1
5242c623-abc6-4cc8-a1e3-dde93a899f00,1
4d1d8f30-346e-47a5-aed6-06a86e35f6d8,1
de734972-0ed4-47d2-85ed-94c639524ef3,3
b48a1279-3852-4482-902f-203558c37a33,3
02c609c9-52b4-49d5-b6e8-cc14787f1822,3
3fe05d73-7de1-4c32-ad94-991ff0ad4290,3
0e375556-7947-4dc0-a628-d1674e5d1658,1
82456e41-801e-4f90-9263-6c96d3e72160,1
2761ad98-baa2-4022-b98c-146a32b16dec,0
985a13af-6aee-4660-83c1-ce5114758d4e,2
9b6f3d40-da34-465e-9211-b0d7b1d19036,3
e63d7e85-caef-4f2f-a89b-3889907f7e74,3
2104d59d-0957-4875-b4b1-7f968cb43352,3
3d594a5b-ff2d-41a2-9c81-ae7a3b055f89,2
b64d3856-e630-4fa6-b5f7-d02e900e510e,0
761b9fc9-1000-476c-bebe-6c40dd431b1c,0
bab67e88-be02-40c9-b3d7-b43a4adff716,3
5190b002-36f4-497b-b1aa-856762facb07,0
8cc82a77-7371-4839-bca3-86f8d3ea627a,0
e42b147c-89f1-46de-b56e-0f201d709601,0
269d6f1b-faa1-4fae-ab15-e71211c94cff,3
9498ba9c-5acf-4219-9c4f-a9e87e4aeadd,3
795c1324-5586-4057-8c6a-574755248aa2,3
724a7dd7-d80d-4320-86c7-b8a879bb619d,0
4547058c-19a5-459c-96e7-5c4cfa7f2568,1
12779ba3-969c-48dc-97d8-33e72279f695,1
4ed0a63d-81fe-441f-b87a-cd4e6db65bb7,1
4d565122-229a-4541-8a53-3b18169c3635,0
2d3e3b00-62f8-48fd-a80d-d15a299ed045,0
61aca849-8359-4b40-b321-176160c241a7,0
02647f9b-5108-4955-938f-e6b003b62690,1
613608a5-2b5d-4cca-8527-5639ab76949c,1
858b4d2a-590d-4d36-b89c-adb0cb039d22,1
2624655e-ea07-468a-8da8-2e39c9d1e7f0,0
b9dc4688-75e2-45ed-82ed-c33ca308f94e,0
9a26d7df-1335-45d4-97cd-6d7459fb2674,0
ee5c62d7-b0f9-4818-8698-425ffdcdb11a,0
e51114ac-ff3c-4823-be87-e25e9085096a,3
7be2d720-52c2-4f8a-a82a-2b90f535ad40,3
0d3f1ae0-f78c-47d3-9df6-b749e36304a2,2
c7dbd2da-a758-44ba-9e16-ee10ec99f631,3
24889764-ab00-4c8e-ae3e-5945601bbafb,0
8da7061a-5e02-49b0-a888-fb3461b8a8c5,0
3890f753-a284-4da4-9723-c0a697c8a403,3
41a4f5a5-728a-4965-b483-6e265eebf93a,3
b30cef8b-4065-4272-89b5-57b1fd91c50d,0
8b1f5085-e3de-45f9-9ba1-aa6bb450722e,2
4da333cf-6f2a-4b64-9212-2be665c5e1e3,2
e0bfc6b2-19de-475e-ba88-6d6081204ed9,3
e67e6b48-e699-4e55-9640-ff061375d513,3
2c0d57e5-e106-4874-b3fc-2204172df725,0
e14a46c3-b349-4441-b09f-8088e5663262,0
87daa9e0-9c54-4c2e-8a7e-f3765fb00184,2
b07bd542-9662-4390-9fc7-219914cd3cc7,0
63078462-b3a8-463c-8c44-301ec9d0d024,2
842bed3a-ff53-487d-8619-71438456c9a8,0
7751590f-f067-46b8-9ae1-db7846fedbaf,0
3db44a0a-145e-4ef9-a303-c499bc03bfb8,1
4867919e-2a2f-4f11-83b4-aa51c4684475,0
7916fb45-89ef-445c-93f7-21a464eb870c,0
7aff99bf-c340-40b0-b54a-c7e97394c99d,0
590fd451-ad87-4ead-8d51-41edc690b327,0
16d83724-2489-4924-bd4a-f8ff2a0903d7,0
dc0d96eb-b036-4418-bc38-4cfde5d5bbe5,0
76d3f8c4-f84c-4ec8-8ed7-5ae3e856f408,1
b78ef921-0ff1-4e4b-aa5d-fe99d9e3de91,0
b954d3d2-f2d8-4b11-955e-31c7839517f5,0
6d0a3267-d32e-40c4-a689-b350ea715f1c,0
7e5252f4-8c56-4166-b5f2-535591d81505,1
078f6ae4-4cf2-4c74-b810-157537c3a8b9,3
e2cf8e2c-68d4-4334-9b7d-cc11fa0213dd,1
f19fd194-e55d-47b4-be13-fe00f147ebfb,1
86947c4f-30f3-44b2-bf27-b38f774d454a,1
b2bc544a-219d-4899-9fa4-191e3f475649,0
ba15db82-482e-4674-96a0-51234d6b82b2,3
1de03ffd-cfca-42e0-bd89-21e62f0e0aac,1
aad5ef88-18cc-4492-9506-09871a1b5245,1
0cf70763-c18a-4c9b-b5d9-f4cbb127190b,1
451c9406-3053-4605-9f1e-0b6183d93d56,0
dff7cdb0-f464-4b60-91ce-8d628f8ed4de,3
75551299-bf73-4b4d-9f30-192dc8d98a46,0
47d6609c-1ffa-4576-9265-bdabbd6cec0e,3
bb18f827-a40c-4bb7-ac4a-6a407fffc209,1
aa39bdac-3029-4450-a42e-4e5f81360866,2
a7674ae7-731c-46ab-94db-a7a972df8849,0
54ebb88a-f9a0-4f41-9a28-20e72c87f491,1
4f8e5961-60c1-443f-a624-a343753470a2,1
3231dd9d-d846-43a0-8277-87a1eb9b5277,1
df42a32a-903c-4392-8bb3-a9d0c9e9218f,3
07624e1d-0a7a-4426-9551-467464ac5034,3
254229f4-c466-4e0b-a650-50336b07fdd2,1
7d5b7983-7c99-4f0d-bddf-9fbd528eca81,3
83580cd4-e88e-4538-b038-e56113e4c2e3,3
1cc056a6-bc3c-4705-9af1-23e2f89115ad,3
5a07f956-c944-498f-80c1-5fb986c7bb20,3
4c71cc86-4968-4fb8-8bb3-6992d165faeb,1
e5067fef-17ee-4539-8719-0f3070b72b90,3
7b4e3d5d-d323-4077-aae3-4883855c9025,3
22b45745-bf1f-42af-acbc-be82422b8c6b,3
7b27040f-a792-40d8-adce-6d2e3e36a2ef,0
0bf8ca82-5167-4cbf-8bed-020ea18b9510,0
81c9dcd6-b91d-4a3c-a6a8-5a72d0a7d68c,1
a1be52f6-6a42-4b91-8c33-20e6321fa374,1
790aa53f-f847-43a1-8962-0d899e4b75ba,3
6bd97b13-b189-41f0-ad8b-9f26be3d93d0,3
1d54d3de-d0b3-4273-89e9-7ef3e8febb0d,2
e8aab41f-0954-42b0-b20d-a0e15fd17e23,0
d9800e2e-3aad-49a5-b5cb-d0da367732db,0
d2d2dd2a-568f-488f-8926-99982e5703aa,0
5fb67cfd-fbe7-40b1-8af0-bea366daa4ce,0
822a6db3-48ad-4290-a711-8c4d7f07abc8,0
77478b36-598c-41d9-86cf-123530411520,3
707169f3-85cc-456b-8f77-d82423370d67,1
7c2315bd-a330-4578-88b7-c132be30de2d,2
19019fb2-05f6-4267-aaf8-6fb9aff3fa83,3
6251d2eb-34d3-4e8b-bae4-0caa3f55371a,1
e8090359-5014-4395-ac73-620ba80f2d5b,1
9e1ebd5b-0c7d-44f2-9bfc-e371f1b6f63f,0
a2a82c6c-7a7e-4eec-ad69-f487424dc71e,0
5795f078-e97e-43c4-a6a7-dd7d55b33dd9,2
3e2099cb-76bb-46db-9cd3-6a03a4da0e39,2
c91db5bf-1bc5-4597-98b1-0ac36c5638fd,1
db475b0b-e62d-4719-a502-d1effef1ed48,1
a2045fb1-90e5-4957-91ac-a5a8b83fd081,1
2ac2bd99-e161-4856-9b24-6dc6bf7d985b,0
83692241-9b86-40d3-8e9f-044852b24a7f,1
7d6fcc82-1fb9-4b7b-897c-64f3efe90150,0
934d51a5-c360-494e-af6c-41f324216aaa,0
9aaf3186-32e9-4b8c-a282-048549b03da6,0
a7b9f0bb-3533-4e0c-ac1c-1a71745bf089,1
88787789-76a4-44ab-8e89-743b83d2b563,0
91023823-c7de-4386-b230-9bb3c8bf4dc4,0
b0f1b52b-0cdf-4a1d-a8e5-daf6a95c754b,1
05c191ac-c545-4e9e-b64a-8651ec07b34d,1
db1cccfc-7ae8-4fbc-955b-01468d8e72e1,1
6203fa5e-e948-4d7f-9be1-96bdb8c13bbf,1
418a5aaa-323a-48a8-9a3c-338f924cde2c,1
714e5de7-7c89-4f74-9569-bc9ed7733dce,1
538cadbc-10e4-4664-801f-26d702918133,1
b65073bd-52d6-49bd-95e6-2d70a68eac5f,1
5cef718a-460b-43ca-92f5-82151c2922b9,1
493caf8e-eb37-491e-8442-ee7d7cc49bd0,1
e46da0fc-64a2-40da-9482-0978978d74e7,1
e8fda820-0cfc-4bd3-b262-8a385d761148,0
64833a19-4972-403d-ae8b-09a61af341b8,3
da145505-b6ed-41b8-a399-d2538e4e3a17,1
ac5c07ef-1080-4f1a-a978-e381f929c991,1
850f8984-ee74-4a26-80e8-a409617929db,1
1af696e7-a9ca-41fd-aa96-d529d893c65d,3
bccd18aa-a90b-481f-894c-5adcf4113298,3
fb7938c3-3d98-4641-9299-fe6fd9703324,3
03b9e7fe-5913-4662-97d0-078dfc56df27,1
863c204e-ef4a-4462-bac6-20360a32622d,1
9d22f999-a354-44d2-95f1-bc94c38ee626,1
8790804f-6c19-4064-89a5-412862784b1c,0
3d92c9e6-d3f8-4177-900c-04adc55774c1,2
9e4e544f-384b-4a87-9a2c-3f69ff5fd4f8,0
36f09928-cc72-441a-8f0b-5ed7ddb3049c,3
c7fea5a1-9a97-494d-8b48-80485d841ace,2
1d746f17-0484-43df-bde3-783203462c19,1
be7af47d-3781-466e-ba10-52de8a53d98a,1
307024ad-1a6a-40ac-87eb-72ddfb05e836,1
bb9852a6-a27a-40e6-80ab-22e210e73310,1
9e6883b3-44ad-4b98-a1e9-3c084317dba2,1
321469ff-ab8c-4690-a8ee-b799fc5836ef,1
82c7706f-2972-4e87-b9f9-f5e6ee3c533b,1
a065713e-1a0f-472f-b7e3-125a8da72465,1
502608c0-8c68-4a10-a1f9-fdc833a44b05,3
672fc34b-2572-44a1-b4ed-d9bdccdc6909,3
c4665123-3cf0-4f93-b2fa-6bc1daf06636,3
0bafb856-e66e-4e69-a07e-816ffb177634,1
e07c106b-0fd7-4f4c-ab2f-1dbf2077d46a,1
b6d02b36-ae39-4c1c-8e16-29beb068ff97,1
471199d0-8474-4614-9e4e-e5dd823554f6,1
1ec3a7ef-4918-4633-a7a5-561f788ba9b5,1
8de2e464-fd64-4009-8ca6-96ccb16df8c9,1
7f9711f8-6328-47ab-b339-aca68e650ff9,1
56d8f8e0-7e07-42f7-9503-360aed60100a,1
349a1c1b-172f-445a-aefe-97a58c19b08b,1
b5adad74-af23-4383-8e8c-0adf7024064a,1
74fcfbc9-2569-46c8-ad3f-a9ea8b9f5a45,1
ab1abeb5-5541-494f-ac7e-4aeb2dfe04f0,1
c322fc6c-240c-4c09-9b88-d4f2c2395244,2
49e758d3-c9cb-410b-b44b-dac87fa83081,1
cba20c38-f317-405d-baae-f081d703e02f,1
71f15ae0-6ee5-45fe-9ba8-e988a4c06204,1
1c780fca-582c-44fa-9fcb-3b809f9e62a1,1
e99d0b15-5893-44e5-b590-a5b74f59c0c2,1
707675ba-b50d-40c7-8cff-c4edeae49d63,1
8fa97a15-d6c4-4aa6-ba4a-8bcbea89a3f8,1
711e818a-ca63-4f13-aff2-e30fb49aa354,1
06722b2c-a72c-4859-a1e7-f67582a0b740,1
3cbfc97b-1004-4096-a198-83f672cb4789,3
cfe27274-b552-4190-9a38-9abf52000716,3
9d129acf-91a6-422f-862f-b0aa92448395,2
f74fbc17-4f62-4287-8b17-7354bd135366,2
ddaf379f-3e20-42b5-a0a9-ad56cc4d6b5a,2
f88c20b1-9296-462d-9a5c-0acb9de06d93,3
a02c7888-ca2a-4958-9ee2-36191ad749d4,1
0447535e-6e0c-4992-a80a-a2b05b2e80fc,1
f76753db-d647-4d96-811c-a0b4bb978fa7,3
821b1b89-bf81-4422-9d4c-1b1173bc80e3,1
76dcf531-c624-4573-b2bc-45042fb46823,1
9e9fb40a-75b6-4b2d-a356-752a12e88d1a,1
fc13df3e-75cb-471f-9bd0-52ad2a8bfd9f,1
7f8c14b2-fc22-45ec-a383-2f2ee9b23785,1
6938d338-6ad1-4280-b994-aa959f48f78f,1
9195d6ad-120f-4ae2-8e69-462ca56c3fc0,3
3d150cd4-4e0e-4c9b-8148-cd8fa3426c70,0
6246d593-0402-4d7c-9dd3-31216942f0e2,1
a6a85adf-d749-4d9c-bba6-b63a48e3952d,1
ac98ce23-604a-4928-b606-6d1f440f33af,1
9c01afc5-0bdd-4af8-97cf-927e8b5d9b7e,1
1dfdb162-fc1b-4f49-ad20-2986c9901d51,1
e21ba605-eb69-49f9-8f96-0a31030d6ff5,3
4a0c7903-ab86-4732-96bd-5569b8f96729,0
3e727927-a69d-416f-8957-7a62cfa8daae,0
267e5bc4-897a-4fc1-97d2-26a45829ba19,0
f7bbbdaf-da16-4964-92b6-e7fdd11dc74a,0
8eae8f75-558d-4a20-97cd-b4a58b2e152d,2
40bfde20-4a3c-4a4f-8e47-173e193f5eab,1
5c819189-c9e0-47e3-a258-49323197d124,1
f321598e-7a5f-442f-8bee-99d9f5e0f954,1
98f12e54-6af0-4e8d-990c-4da4dd74db5a,1
01fcb584-7de5-4dfb-93da-4219074e8a88,1
7447b6dc-e0c9-4567-b627-e2e4eed64d64,1
8fdd1d44-bd45-4f54-9eac-f0b952860804,1
08ba0f47-0d00-43a0-a06f-6c54301b6ed4,1
e3ab8de6-873c-4345-ab55-04019d50c786,1
52cf9a32-613e-48fb-bcaa-c1c887d54d13,1
b6a8a28e-b744-4e4f-a040-be65cfec1ef5,2
8d07ce96-32b7-4bbe-9b3d-4d3b03f8de9b,2
7e288b0c-a07c-49ab-aeb3-eafc485554d2,2
4c7232c9-33b7-4531-b478-5c001092cb50,2
6d30555c-7660-45fc-89fb-cfb94b97f189,2
1af11d15-fd04-4f06-828a-e6ae465168f7,0
386d5c5f-c66c-436a-b015-ec798d1650ac,3
f894a0a6-d08f-4660-9f86-701661e29503,1
46860da6-7a9d-4aa6-ba75-ab8554d97b6b,1
e49685ce-7c01-48bd-bc65-3be4a385a11d,1
bf0d7f3e-ee35-45b0-b2b1-639fc9e59269,1
a0ece0e8-8871-43d5-9b80-440dc6dbb5de,1
de751829-82ae-4f1c-92fc-a9dd4d616882,1
560aca16-912a-4b06-a185-74f37e584027,1
7d6466a3-3fb5-496e-a8db-9f2483b6edea,1
e4b7abfe-d035-468a-b317-7709b146205f,1
9825748d-d475-43f3-80e8-5fd3154eee52,1
3bd63733-b79b-4f0b-a233-b6d10c359ec5,1
f25cca62-d041-4ad8-81f6-6202a26512cb,1
4273fd28-5992-43a0-bd98-66cf6b650f54,1
05c71356-48ba-4b48-a217-678ba62ca4b0,2
837f9a69-1103-451f-b24d-e971d7135417,0
5a5e08da-bed0-44f8-bf8b-e0a7c3adff45,0
2c6d632d-9a47-4dae-9bc1-6e41b40eca3f,0
28b82b56-298a-4050-ad03-47dab37e4d2e,1
341ae37b-3e39-44f4-99f5-566fab316e0c,0
bf42879f-e641-475a-8b19-c5df8f6cee7a,0
2564eefa-070f-4e4a-915e-c553a35fa561,0
9f17335e-306b-48c7-8ee5-53a8d967e6f5,0
69b87316-8ff0-4eab-b9ff-210247784518,1
6a52c8f2-ce2b-4939-b090-8e9a49afe284,0
4eb62a9e-c3f6-4056-8357-7a05db04937d,0
49fdec6f-4d3b-4bab-b6e5-3dcba739af9c,1
b895d027-5c42-4455-be0f-a83d981fbb4c,1
a29b9c1d-663c-46ef-8950-d567c4f9771b,1
b19e4dcf-a8b8-4c15-a6b0-a3ad1d6a8a19,0
52999e61-3e95-4863-80c7-885d6135ff13,0
204bb059-11ec-450a-91cb-d78a8a5619cc,1
c6d8975a-3dd1-485c-944a-766e985c72ef,1
c7f25358-6aab-48b5-b733-40b57f60a82c,1
b87da418-3080-4e21-b3e0-b967b9a17e21,1
ea6ad449-b0b9-4d12-b7b4-3a76df497d85,1
05a2fd29-2be1-4244-a35a-4ddbf1f75ac1,1
3c938716-3889-4d73-bb45-d4586b1a44b1,1
2ab7f631-aed8-4647-a5bb-99427860d0bb,1
7f7b4920-d653-4e3a-8113-70130b079c9b,0
6f5e4b13-e1f1-4a4c-b426-a60ead9faf7a,0
146a67a8-eae0-45ea-b93d-08c5fd9ed2d4,0
7d4938ac-745b-4ddc-a0bc-e2f8535411b8,0
25971e2e-305e-4301-a5f9-24b276ab37a1,3
7c8f99f0-5cae-4a08-9649-1b870e55e903,0
c64aac64-f8db-475b-8584-da8551b0a712,0
1c87a6a3-bdea-45bf-b259-aee417734726,3
c71e84b2-b968-4ce2-8218-bf3f1e482ea0,3
2c4f5100-fe7a-4ac2-8be5-de8348728af0,3
04003cf6-de5c-4842-9b0e-0e6c0b0be5cd,1
9c779f8b-bd59-4351-a876-8934a07614bc,1
9114ca51-0bae-45ef-9a82-8bef4a6e9cf8,1
75a6811c-6d0b-4122-85d0-260989db9672,1
9bc1c99a-5363-4d71-9e5d-70e7e69f988c,0
fc8cf4d1-ac28-4a43-8661-5a9c39e86369,3
b6d00da1-7e7e-44ad-b798-3c3bb216ae45,0
acc63b60-a988-4e48-bf68-78b98b7c6125,0
24f7379f-db60-41c6-81b0-756923cb472c,0
52f74dd3-7131-48a6-8de2-a4f2b4b2a4ec,0
3b00dedd-fcb8-4d71-9ffb-40b92b6cdfe7,0
ca1ccf90-ef97-446d-b9ba-214844ffc371,0
93b3840f-3996-4920-9a37-2f783aa0b5e5,1
6e506d3b-5df6-41ae-aa16-30e8ae177551,2
1c405089-f867-4741-ac84-58870ab6c7c7,0
eb12b319-97e9-4acf-9991-d051e38d0210,0
312e7cea-238d-460e-b387-3b70473d1c56,1
f45232a4-beae-4f44-b220-0bcf8557b076,3
94147869-54e7-4573-a1e8-446456d92dec,3
1a0f0a69-5eaf-43a9-ac57-b5d67de5eead,3
a46d8ecb-c4de-45b2-b518-693d0f065a68,3
84ea9d50-7f31-45c2-8774-8d7a0bb3b5e8,2
db6d28b7-de73-4a52-9015-e7c7032c311f,2
7c6e359b-e1c3-4d61-9d75-41c4a068fb49,2
0b9d7988-e9b6-4444-b43f-09254c72fa40,2
fb2b9437-a1b2-4474-8613-a32373ee0d34,3
b0657768-220b-46cf-a148-961ccb8df491,2
63601dc2-7f22-4bdb-94e7-356981a1187c,3
bc152295-91ae-4d85-8455-a17a721ad96c,0
be33676a-263e-4eb4-a43e-ce54e7f2e4fb,3
de1cf703-9c6e-4795-90c5-cbc365ea61ed,2
ba26b23a-d329-4a39-ac72-2a4489eb673f,0
b2a7a4ba-cdd6-4c85-96bb-9b5ad9351944,0
f0c09949-1d44-45f2-90b1-41b3239b4cab,3
03b42284-af8d-434e-a03b-f7daf55a55c3,3
871823c3-bceb-4095-bfbf-3f5e6ccdb1b9,1
0b1068b8-d8e1-4413-b168-47551bba353f,1
76b0d81b-d0f1-4f04-9b2c-01809ca65dd8,2
9efe576f-61cd-4570-bbd6-5564117623aa,3
21556ded-ceb5-4223-94a6-00d322e57100,1
dc99e837-9511-4cd8-8232-8df190346151,1
1f4c6902-ace9-4b4e-851f-591fcf28323b,1
d6f3c901-d3ee-446e-9ff6-aa67df0c0e5e,1
3e7e8747-3bde-4788-9d20-8868ca3ca8db,3
e74f774b-f259-43ae-814a-f78285e355ae,3
9c908ec9-4ada-4533-a1cb-574bfd8f32fb,0
1008838b-bf71-442f-a6e8-3de016146f89,0
2b3c5a38-7c3b-4336-8c84-2650646bbf4d,1
f3ab1ecf-f215-4f15-9af9-f7a0c070a227,2
c6094ef9-4284-48e5-b7b2-d41b31ee5063,2
a39ed4ce-0d04-479f-8f56-a7a5006b7ea9,2
4cd92b70-8db3-41f5-a4df-b34e5868c3ce,2
60206076-d947-48c6-bbba-14d1b9b2f859,2
96ab7c99-7e3c-436f-b380-2feb5372d931,2
e3965593-af94-4667-b8da-863b9cd8732e,3
9a34f125-2a0c-424e-8be9-aadb0259fccf,0
c6b9fba1-6df0-44d6-bb69-f04dcdfae21d,3
ba03ad22-bbb9-4750-b079-3752ed50e912,3
1a4035ab-435c-41aa-89f8-98efcfd32311,3
7f5526bc-f85b-4e06-a48f-347803d73e22,3
e5c22e58-7870-4db5-98ea-aede48914170,2
fd95e9f7-139d-482d-b240-05ba68a9474c,2
1b6ab446-0ca5-49dc-bfa4-351b3501d7a1,2
b6cde3a0-eb42-4738-8665-759771230af8,2
4f1d0f3c-328f-4e49-9934-007dcb348657,0
ceb7c087-e841-483e-8231-11e436c9e04c,2
483fc59d-e32b-407e-8688-ef9e57ab2857,2
7d4285b5-6b06-4341-894f-e18ee9e63137,1
7a657d65-533c-4ad1-a7f0-5f4f8c860da2,1
74ea808b-eebf-4e39-a732-6344601b87b7,1
f0d6bb5f-55cb-4006-baf2-7bba9b16c0fb,0
9021e77d-6be5-4250-b2c5-5f2d98d7b733,3
204b25a8-0511-40de-a218-d4bac3975a16,0
8bccceef-4a51-433f-b36d-380cd3c445c9,0
33f73df3-f715-4e71-a009-64b30afd3f74,1
cb02a574-f56a-4aee-bc89-e4316b93dcdb,0
3fdf352b-c5a4-4b91-9442-b5eb9707b835,1
b02a12e0-0980-46b0-8996-221b1e633fe3,0
191fe2e6-d536-4bda-bd67-2a3060803262,1
f720ddc0-1a31-4c82-92df-5a38223d1ebd,1
1a10421b-c4a5-4cf5-96dc-01257acdc061,1
83e1ccd0-f59a-4a12-872a-dac2acc3beab,1
898d1ef5-4cb0-4c61-a41e-264e82ceb3af,1
b8a4d9e9-89f4-488e-a40e-54809c6077e6,3
609510f7-3e53-4cfa-b46d-1e87e9a475ac,3
c4beb905-1743-4ab5-88c8-8ec8702351f2,1
c717fe40-0d63-4a86-ba3d-afe718e44995,0
cee202b7-f190-4ec9-912a-90f225ea21e3,1
ec5aacc3-23a3-40c1-8fe9-6bcb581b391a,1
4c4d0aba-97ef-4ff8-9886-ac4685a52321,1
3235804b-45e6-4d4c-8b3b-745500b1c771,2
d22ab656-e742-4e8a-b07f-d207270f2c10,1
32f7aaf8-af97-4b57-b47b-083a465ffc2a,2
41dce460-7b73-4340-aa02-c10a79198432,3
c31e148d-73ba-46c6-9819-a2bd8c6f3b06,1
5cade4d0-ab67-4d1c-acf9-88a44ee18587,0
04c8f5fd-83aa-434b-a3a4-e0fcbc0b7889,3
c39d8943-a251-4a88-8042-d87ffe5c9e2d,0
48859269-b06e-47e5-8622-71248b61cd86,0
760442b0-3c36-4e85-b5d8-2b73c9518f5b,0
1259d2e7-4bb0-423d-bffa-48c7c126bab1,3
3c24e625-9798-4fd5-a554-1ab812d18abe,2
f0693953-271c-4c00-9921-48696b3cd0ea,2
eb692c7e-4ed8-403c-9afa-f2d619884ac1,2
0f632107-6ad6-4b1b-9ad2-becc33bf0a50,2
248873d4-d898-4365-8cad-0f2e16d90153,2
9dfc7c8a-eb87-418b-b81c-b9f2820ab417,3
1a03c364-bea7-4abf-bdb4-621a45f1abb5,1
5a4f66b6-28b1-4c3b-a5d5-ecb263b94412,0
e02dfcbd-a40e-469e-9bd7-06517ff1f724,0
2dd73a73-0022-4ae8-bd73-2a2f825f4ddf,2
973263ef-721e-44c3-8921-81678e9a927a,2
483c78a1-37de-4045-b914-87ed455d1149,1
483c78a1-37de-4045-b914-87ed455d1149,1
d620705b-334e-40d4-8e68-11dad5baef37,2
02658891-8aaf-4ca9-a4ec-b817c80d19d1,0
51edaf19-20d9-4df2-90aa-246c478b3532,0
299f38e8-bec3-44e6-8faa-820b7c0f40e9,0
ae16b3ef-575d-40af-b90c-ca2b5196b47e,1
54d4992c-dffe-406c-a5c7-30108f547d64,0
54d4992c-dffe-406c-a5c7-30108f547d64,0
1e8557a8-c31c-4303-9232-5cd22ef2f92d,3
7ab57a66-1efb-4696-8c73-19a2e7dc1081,1
f2c2d70e-32b9-49fd-bb8a-06cd971f99c4,1
79386b6c-ea15-43e3-86d7-b04e21e80042,1
a3881e30-8e27-45f2-86f2-5e0f45a98806,1
3de60c49-4fc6-457d-be4d-9a9c91819e10,1
dff46e4a-4c04-4aac-ba70-63bf4a5f52a0,1
a63949fe-0739-4380-bb87-bec14f7e4093,0
037b3c48-95a6-4f68-8586-d305caf0009d,0
e2b10107-3b01-4096-9e32-ff5b4b77f57f,0
035226fb-3dcf-44b7-be1c-6b1024be148b,0
b43b4d3d-870a-4b9f-863c-3043bec034ca,0
6de1f83d-3950-45bb-8be0-7d5fab0e6274,0
8d243c5a-29a0-473d-bdf0-9172af84f831,0
9870b017-125b-4dd5-8c04-2555545a3a82,0
cb3cd85d-453d-4bd2-8984-7f8d637ec970,0
0a82367f-047b-4516-9f14-d9d1966f7cec,0
8c824631-d6b5-4dac-8624-2dea58f3f810,0
9357364e-ae6e-4cce-9791-0bea1af64d6a,0
43ccf37c-c25a-43de-9010-3924bb9daaef,0
8e4b5cc2-5a59-4fa6-8184-3921fb22b6ef,1
6f4ae29d-afe8-45e0-827e-e84f9f539b0c,0
c4d1a268-6b73-40f8-acd4-5e6905aa5b45,1
9c264bf1-f8e8-41bc-958f-7e8065cfba3d,2
283974d5-071c-4122-a068-cd879af2b06d,2
000ca0f6-de2c-4fe3-8ad7-a7ed251c16f5,2
07e4874b-e624-4e24-af76-69aa4177bada,0
248ae6cb-165a-44b3-9d02-95540e840b9b,0
e118d64a-246c-4313-b48f-4318cdf92200,1
fb2c9da4-f747-4c1c-95a5-b2bb40f9ffab,1
675262ee-f983-43ab-bd1b-afc8328f75fa,0
871f7c92-a84e-4c93-8b30-633d58b3b90e,0
43c8f5e9-7c49-4090-a57f-552c5f4ddbc4,0
34f49cd2-32d5-4d25-9903-f426a43d00c7,3
a8f1cbe4-226c-451e-b23c-15bc7d3c0fbf,0
10c89819-fe17-453c-8031-3d981d284748,3
5c73b80c-84bf-4f02-8151-5fb4566db832,1
c60bc51b-abcb-47ef-abee-dd61ed56466d,2
cbd2d241-70be-4f80-aecf-0416f56ed1f4,2
d10118f6-23e5-4c37-8099-08827b6bc8d7,0
1243a009-754a-4750-b79f-5fe82477d22b,0
de5814ee-e207-46b1-bc9b-67008bfa4b22,1
1ffb07ab-40b3-45fd-a079-8f2ee2b6f4e6,2
f783f578-22ef-4072-855f-b8202e7fea9a,1
340e1620-c67d-4079-834f-561944ff8c78,1
3162ed4a-2d91-40b1-b745-dab903d4ea95,1
61db4926-335b-4875-91e4-971c988e3161,1
d0c5ccf7-d1a8-45b1-a5da-7f666739777a,1
cfda76ec-0c2f-40ad-94f0-25a3ba561171,0
bf6911a1-2308-4906-a906-eade435220ba,1
955e8d92-4c1c-4966-9c7b-2d3dc65e646f,1
eacf8951-7847-48f9-aba4-151e97e3a2c7,3
fc1422b5-5614-4afa-a1d4-9e754f3575b0,1
cab39ebc-91de-431f-8f55-5fbdba083807,0
cb8d096a-fd4a-4344-91e3-ed4fbe1c6481,0
5e520cbb-2d90-4c5b-95f3-c84b29de9077,1
7d1ab305-7fc6-4ab0-bc2a-9ae1e038e67e,1
d9e8490f-0d4e-41f5-b545-714c05c470c8,0
8de4d127-8e6c-4fa4-b8b3-62995884340b,1
8640b0bf-8c2c-499e-88c1-c603e367dc2a,0
48b5c2ed-0825-4834-9218-2f7bef3292b1,3
eb25e165-d387-4167-bb37-1b3697458eb5,3
ffdbe1d8-d06d-47ca-a722-a8fe75716fc5,2
939af091-8ffd-4cd3-9c69-6530b2a906d7,2
c0c964dd-d4cf-481b-8e38-4603a9f686e5,3
f261d62a-30dd-4705-88bf-44439917b3bc,0
2ddb93ef-2d44-4831-94ae-3aeac8acfdb9,1
6b506c00-8ca5-4f8c-b3b1-2e94eb1ca16f,0
6fe4647f-8c06-48d0-8ea3-15d24e7315b7,0
ac960bda-be71-418a-88a9-3f68201c3c0c,1
8f3b343d-8d61-4155-8ec3-6ae94a95c1c9,3
88c7172f-baa0-4fcd-a404-03086f80f57b,0
1394facd-cc4e-43da-8cb3-46ed95f00a95,0
408d5fa3-4bdf-40cf-a41f-f4bab8858517,1
55b345d4-ac60-4ad8-917c-a9ce1d1960b4,1
98fbbe86-bcc0-41f5-a3d7-3680cb01095b,1
e890b168-10be-43f0-bf32-5b5a6645b637,0
c62fe981-4863-46f3-aaab-dd42c7d5f6dd,1
74a8248b-ec38-4599-818c-99e90d771f7f,1
2ebf1a71-736a-4de4-9ed4-8e113b23e78f,1
8ccbc187-3d48-4718-8f95-ef764dac4a17,0
b8327004-2784-4696-8d75-40ac901ca0c7,1
f5693581-8fe3-40c2-b4a5-8c95bdbfb31c,0
95facb70-eb53-44e2-8860-00baaf420e9e,0
2a099702-b7b2-47f0-85f4-e02f8466e327,1
f0c6ab1e-cc3b-45b7-ba05-5d6977017b17,1
ace0246d-f8e9-4261-ab5c-40bbee73184d,0
295e4030-78b4-46a6-936f-5cc18c97d642,0
1e8ac77e-ffc3-40f4-9f3d-f5ca86bc045f,0
a8d35e4d-5504-4410-8134-6f329acdf203,0
7aa469f5-560a-40df-b20d-78bec3ce11c6,2
2af9d905-069b-450e-8e7e-155fa7133cc7,2
59be311a-ec7d-4a7a-8881-0acec6e90f15,0
0505d39d-caad-4152-a9ef-5f808daef26d,1
6ba77453-705f-4cd9-af72-7422e9181734,1
98c4f5d7-3115-4f5c-8b30-1255bdcbf9e0,1
ce16b1bf-4b65-4b7d-96f0-65ea5027edfc,2
0222eb2e-ceb8-4967-9796-e220209c6b00,0
1982a20f-640e-4caa-b9e7-3ca15d7e1acb,2
8ded8ec2-f221-4c6d-aadb-fa8294388127,2
876899b2-8a5d-4a2b-a4c9-ec9d2fb2437a,2
44901b83-64cb-426e-a3f6-84029d330d51,2
8cdb04ae-084c-4d2d-953d-6ba770f3041f,2
25c46875-dbeb-4ef4-ad33-7aff8384fb2a,2
fd1a1bae-9d1e-4b71-8100-977de871eca9,1
becb0c7e-a0f7-4597-b463-f65569df62bd,1
7d1b4cd7-be04-4ca5-9c72-ea86343d3ad7,3
1c833f4c-6814-4d25-871c-7e4e34d5c59e,3
9038886f-b5e4-4d1c-9df3-01465db66627,2
9038886f-b5e4-4d1c-9df3-01465db66627,2
70477a56-83d2-4429-bbca-b37456aa93f5,1
3cac073e-7495-4752-897e-032196828558,1
106095b4-e2ca-4c88-839c-7045853b7fb0,1
091810a2-c819-482c-bed2-07e4a9892de5,0
44bd3941-f209-4d1e-b115-202551dc5d7d,0
f7debce9-443c-40cf-acc9-54bbfcc73ddb,3
5de30f3b-50c7-4d71-9b72-f907f44a9a0a,3
3843f397-a86f-4a58-b327-28cb98d72bfd,3
8dedaf17-28bc-4006-85f5-62a2a7fc58a6,3
b6e03c14-a424-44ec-823e-6f81c2b4d5aa,1
d9f3a295-f124-4cec-8729-46f01e16159d,1
d9f3a295-f124-4cec-8729-46f01e16159d,1
5339f5eb-c9c5-4b14-9d04-5714b0c852ae,1
4beae167-8451-425d-8532-1c060167e256,1
42bf62d6-cd25-47a9-a95a-7862177ba0a8,1
ec54c295-a5d5-4344-8707-3e32ace0e99a,1
7fbe0396-dc55-421f-ac43-cddb850605a8,0
b83e92ca-8f0d-4d7e-8f34-427a248d13a4,1
b986a749-ebe0-4954-9ff2-fba6a4fe4725,1
bf6a1dea-972e-4f53-8162-9bf22ea28fd0,0
49b46df7-ed96-418f-a3f4-0f16bc51adee,3
e0afcea5-f091-4db3-afa2-c7370146f983,1
7fdb15bd-33cb-49b4-9b05-c859552aeb45,1
e564f964-2380-40fa-8a3a-9f3fdb307e36,1
773eb672-cbd1-446f-a43c-a46ef6aff936,1
3e8c278a-87e5-489b-b525-6f4e64022740,1
8d8d0828-386e-4840-8faa-64cbfb7dacaa,1
d54a4fc9-67d5-407f-8ee2-b4110feaefd9,1
6da64cb9-668e-48c2-a3e7-a9a34f47ad0f,1
50d0ffaf-2534-42ea-954b-f642c65590d2,1
695dc95d-2721-42e4-b3df-5844d4a71df6,1
8ba8edcd-fdd5-47b2-ba49-09ca4b30b861,0
328d43fd-537d-4839-8f3b-372a1f3b1cd5,2
82cae7c3-5dec-4837-8089-1f622fae6031,1
1eec9abb-e459-484f-8972-8a070653014f,3
2f9b77a7-eea1-45c4-9fa3-0e6885fcdc62,3
2b1467df-c8b6-4d37-b7a5-27a8a1f0b690,3
7a20ea92-a5da-4ea0-872c-dcff2c1d2d1c,2
18649f21-ffff-4ba8-bf6b-896980189730,3
23de5fff-8e9e-4227-af53-dbd9ef88b283,1
060dc120-fb25-4b65-af20-2aa30d5c7f56,1
f49e8eb2-788c-4dd0-b4ae-c0943a041a7c,1
aaf54e3e-3adc-47c3-a55a-28c9f057a3e7,1
b1a68092-cb57-4931-9b72-17ffd1fb532e,1
0ec22b51-04d6-4100-8183-58951a86d7a4,1
f06908ec-569e-4df8-b99e-1856c8d3eaf5,1
c2d81561-4a6f-4457-8e98-0432fa4769e1,1
9b2bb8e8-ff04-4cf5-886b-0831473dde11,3
14801f01-3697-4034-a4a1-9d418eba55e2,3
c03db603-2a52-4882-8f96-b0f2481118b1,3
3b22b1ac-5583-4b3b-84c9-38274816dd81,3
ccf6f92d-5572-4fef-8ab3-e501ebfc280b,0
49026fd4-c9bd-4c36-a4f6-420f3fbbbbf0,1
b247e3a1-da63-4a2f-b0b2-49289e77d5bb,3
8deec7df-44de-442b-af3a-d520e18d3c81,3
70770051-5ba0-4cf9-80da-e50674b4a7ea,0
5d33748c-4c59-4779-80fe-8cf7a7d571c9,1
a93f68cd-c7b1-4d70-921d-d6334d7da15c,3
a6e9a377-5687-4edf-83a5-291af9a1d8a5,3
d9bdd024-3ff6-442d-8147-15265942757b,3
b821eb9a-5f16-4339-86e9-787ceab5cb2b,3
eeadf33e-dd7d-4384-acc3-435f26826c13,3
fc80a1d1-44b2-4757-afd0-30be45e59af0,1
59a4f452-167b-4893-afef-62205a823ade,3
d0a90019-8dba-4281-bf19-07884317e2c4,0
b2fa598e-1498-4de5-aa67-539d814f5ad1,0
131578c4-8d9a-4617-98bb-5e92897b6e2b,1
6d31af44-ddbe-4dcf-8c21-943a8b296358,3
6bc6f3f2-8fb2-4e5a-b2dc-95ef579ae6fb,3
c17fd062-2be1-47b2-ae19-1eb98c17badb,0
df704dd7-6104-441f-82c8-7513c080e190,0
b02b9cb9-e27d-4b85-9d17-22d5c5f87416,0
a25cd392-c57c-48d2-90c6-985a2ee4b831,0
3c805faf-d666-44d9-b07a-07b9f8197915,1
c4aa5885-0b99-4fc6-bc5e-f77e55a19b36,1
ff74c084-487f-4cdb-892d-8d62901b935d,0
aafdee84-7b34-40d0-bda0-1f1ac409258b,0
e51f4d51-a202-4923-8241-0c3aa2984709,3
ac846c9f-9e64-46ed-8554-9bec7d3bd076,0
051758b5-f714-4bb4-b535-575cb63ac085,1
3f5e6441-4ec3-4f3a-ae4e-fa6c3622e6a8,1
dc5f767e-bae2-4777-942f-25fcf101ccc3,1
e6c8bda4-bc54-421b-b07e-ca238196a773,1
314be464-4d5d-4414-b61b-866ec86f72ae,0
8b87f62b-2ea7-4f41-8997-374112936b0d,0
02f5037e-c66e-485e-860a-e26abd7a84c6,0
74afe9b8-0f73-4cad-a08c-471d95211a6e,1
5d1a8a3e-82f8-4d62-8327-59d69475e038,1
9f3ec57a-62a4-4254-9642-02796bf98def,1
09feb63e-16f8-4cb0-a405-3cb0ed18fb03,1
a2ad7cab-075e-4515-9ecc-fbff20abce74,0
49d973b7-ff5e-4c5c-abef-eefda09edb85,3
ee22b2f0-e7ed-4a5e-ad53-8fda934ede08,3
16406759-f46f-4428-8e38-ab14c2ff84a4,3
ac863d68-74f7-4638-8eca-0f6a9d870a84,2
2ce4c4ed-be30-4d29-9fab-7cf5b41b2c05,1
c02ac938-a3f5-4c69-a2db-375afa85f548,0
5950b14f-1946-4a02-9467-7ebbbf57c059,1
2a8234dc-6c22-4bd5-8227-d5d95e0ee35f,0
67eca900-d9cd-43fb-8212-61ff787750e9,0
e77c99c8-bb4a-48d3-9003-2e8a13343009,0
eef7ad56-cb44-4dac-b91f-c79ace18a852,1
03b99bdc-990c-4e85-af10-d9fd5ffd2a54,1
63f64346-5267-4294-8275-641229cf295b,0
e81f4397-666b-481c-bd6b-caf8001acc5f,0
87ba0db6-dcd7-419a-b043-d32652eb4c05,0
69e4f43c-6d81-4549-8c6a-9ceaea217782,3
c1a4cdd4-33c4-4e42-868c-d7eaf31c0047,3
4f8a1f25-d2ec-4387-b42e-dbdc9988b5c9,1
d5cfd36a-b4c2-47a8-9ede-8fe6062a6b93,2
247540aa-da52-420c-927c-8a12dc624261,2
40a4811c-525a-4e22-949d-5a064fc3483a,0
79a3cf7b-b5e4-42c2-9b38-2c4e2afe6b2d,0
75984bdb-cfc1-44ab-94d2-670affc0945f,3
ebe864eb-1fc8-49c3-977e-c15e38d0e96d,1
ebe864eb-1fc8-49c3-977e-c15e38d0e96d,1
a17358c1-aece-44b4-bd08-696a32857e28,2
46bdf019-e50b-433a-9a12-2a18f201af9b,0
38e84d7e-d4d0-43ec-9146-2650aea5e1c6,2
25c1bb09-a905-4957-993b-2bf0d25ad0af,2
5129abc6-b09b-4ff1-b4c1-22c846d12a81,2
0be5aa4c-6c29-4d29-97f2-7e753d2d550d,2
a83843ec-d159-437c-aec6-0e97551aa0ec,1
1c18511f-b2e5-49f2-bcc6-154d47355880,1
14d3a7bb-ca6a-41b1-9ece-b6aaf30ffbef,1
48bb00b0-f517-4593-b7ec-1a34b212f362,1
bc172132-4cc5-4994-96b0-0f938033c6f3,1
8959c1d6-64d7-4ac4-ba8f-f8da79ae0a0e,1
de6b456d-3097-4e8a-a61f-0d9fb1625f4f,1
23107bf4-7406-421e-a2d8-5477a5e23431,3
b6eeaa0d-7025-4ab9-96d6-3d2d6c5b968c,1
b350dddc-4e83-4d2f-a56c-7f58652160cf,2
939123af-123d-4c66-825a-423307bbbebd,0
939123af-123d-4c66-825a-423307bbbebd,0
e8b7f91a-0686-48e4-81fb-6850617a41df,0
17a21e69-71b8-46c0-bb5b-b6699a9e04cc,0
e2f4cd4c-88d2-4327-8ff3-1a61aa9ed4b8,1
1096abc1-e6d5-41e4-9f75-a2c8e15b4f5f,2
a90d5a2e-cb06-485d-96ff-54904c820784,0
72b43944-8561-4269-ba82-96abf8e55f73,2
f7a78710-b1b6-4564-ace1-d670c574ef91,2
807744cd-762d-499c-bbfa-810b9a63ac12,2
23325a7f-fde1-4305-8c73-2dd57cb8e89b,2
62ada5a9-d81a-497f-90c6-5522f3fe5e6b,2
9e9de727-c98b-445d-8d95-06c5f74a5516,2
98baf810-a4ed-48a4-97b5-383e1066ab63,2
b8e2c39b-dbc7-476b-9792-1551190c5869,0
29a51f3d-117e-47b4-9792-eb003831b356,3
9c50debb-a6ff-4e7a-90ae-024b0c374088,0
b5bd9f94-3479-4178-9b35-11b647fb8187,0
3db57ead-a33d-44b3-81bf-6e319dda5aa7,0
a06f49b5-9d24-40a5-976b-21017110a7d4,0
166160cf-ee23-45d3-9d46-17e4d960a498,1
5acbcf93-b28d-4fec-bbd3-2c23a289aa6a,1
3869cd65-aac0-45d0-a926-c28a67f71042,1
23f56860-a9c1-49f9-bc42-485c34d6b53d,1
ad9e123f-b661-44c0-a6dd-5a70f575255b,1
4ac90430-1df4-43d7-819f-5353ec4d1a46,0
74bc5cb0-3fd6-42da-9b3b-5eb7cc9942d2,1
cd509c71-7130-473a-90f9-3038a4b71925,1
c7a18a9a-058e-4521-9aee-630e3cb5e4e9,0
5192fc2c-2339-4d37-bc2c-26e0635e7af8,1
c406aba2-e64f-4a9d-81e6-5c355614f693,0
5a0c0459-d730-44b6-9e3c-ff99f2362f11,0
f4371a33-6507-40a1-b44f-ba156004ea92,0
3200a4ec-1195-451c-aa71-a76b2e7f4522,0
0138525d-f360-44ae-b271-569c9590c885,1
a0a88835-3b7b-4e0f-9d3b-b7a6e8b7b729,1
2361b0b0-318a-4fd1-9097-60ea59c6ff9f,1
44b8e27e-d2cc-4db3-921b-14fd8361395e,1
5bca878c-f5d8-417c-8590-f4c0794268d4,1
4495ef7d-89f8-406f-b9a1-04599b0a5c54,1
25a6516f-1b3d-481f-bbb3-739938b7bb8d,1
f28433ba-4682-4a8d-9f35-45f808cdeea2,1
18951a1c-03ed-4122-beee-2a7ad94e0927,1
4037b229-2075-4fe6-b883-176a48fd6606,1
bed7c304-ce6c-4485-8629-574a2dbe32b3,1
cea2ffdc-7e8e-4697-acc0-f477287b6fb0,1
36d46880-6fd0-40e6-af53-5f2600526eff,2
427971fd-2d3e-4b1c-a146-764aae84a056,2
e2dc5382-bfde-4723-be40-283196484d37,0
102ae2ae-9307-4f97-b2c6-c18777665cdb,0
4fd60bc6-4a02-46a1-8a28-3bfe1f0f3b2e,0
776b46d0-4ec3-44cf-bdc1-2580eaf0c589,1
776b46d0-4ec3-44cf-bdc1-2580eaf0c589,1
413e239c-337f-4c54-b0b8-c6e61eaec5e9,0
9d458cc0-67ea-40ff-8f46-49c8d116041a,3
804a4304-48b2-4a76-917e-91ab96f4a6e1,1
92a79054-1d86-4503-b051-02cd6ae58185,1
ea343100-cced-4730-9f96-c84a75a2cd5f,0
dbd6df04-53ef-4eb6-9b04-8d3b0f16ea0a,3
e0009199-065e-458e-9146-7041d0a79cbc,3
9bf13558-1956-40a2-af18-6f09a1fd6272,1
d78c93f7-f427-499b-8499-0a9c37aaa135,3
d78c93f7-f427-499b-8499-0a9c37aaa135,3
baf4123a-dcbb-4624-bdc2-fcf1a16acda6,2
0b113027-25d9-446c-b02b-4c2554a3149a,1
7e07b5ca-e434-4611-b567-dc4aafaca75e,0
54dfdf5c-7f01-4a1e-b9bc-8b2a4eb9171d,0
7b857aa7-ca9d-4245-84f3-96552e1d4e42,0
6ccdbf80-f7ba-4958-a55c-594dd305d877,2
f5d12067-a783-4d28-9f7f-b9dbedeedf0c,1
e8b98098-8b17-416b-9934-0734fc21b005,0
c9898ef5-e1ea-432e-a0f2-fd141105ab90,1
ee337b15-2b02-4006-b0fd-a68e1b26bdfd,1
c1dc55f3-9105-4f30-b5fc-b1db024889f7,3
4c18be3a-ebe3-416c-a23e-4ec7ce68c6d8,3
fe218f20-443a-49be-9967-7a3ae15a6541,1
7bcf7822-565a-479f-b1b6-32e396b3f35f,1
37385708-da8b-4939-be31-79521cbd3a30,1
c87368c2-f7ef-497c-8422-b27fe5027a2b,1
e81e43f1-b14c-4185-bd38-684f5ab77cf5,1
5ecb3667-1050-484a-a08d-1bf9a028ec90,0
696ef1ae-5409-47f4-87f2-8e102d15b54f,0
54b65572-3d8b-42d6-a11d-b2c57f966a7f,0
8421a5b1-860c-4b00-8a7f-270a01c35ad3,0
a7f069f3-9543-4a65-9266-0d360a37bff1,3
026a23fa-25f9-47af-a441-22a6f84bc7bb,3
8adc5afd-2678-46f8-becb-25b320d33872,3
9d5a26b4-9fae-46ce-8cc1-f77f0a89b111,3
67bec251-2744-4f3f-9657-a338cd4ed484,3
b724119f-0907-414f-a3ea-0742fbcdd231,2
2a5956c7-d1c4-4060-a44c-52f160911b57,2
ffd6c321-798d-4f21-87d5-9c8e74867eed,2
cd36c7d0-ee88-4139-854a-f5c4a8fdd35d,0
a608d8ec-fc63-4f8f-932f-36bbd08d4eec,3
6935ffd0-ddff-4af0-b2d3-5a47cfbab480,1
9aabfd4b-06e9-4c02-9c6a-befd8c6f03e0,2
3dbe0a02-7dec-4f06-a863-9eb8d99645f0,3
3ee0c0ff-e480-453b-a583-01a21faedd6f,1
9a7fa59b-ed18-4e8b-b5e7-ae32467c3339,0
6d291a31-0687-457b-bf0f-ed750fadd5c6,0
ebb19b3b-e9db-4fef-909f-eb43c299dcec,0
af3e6a71-5391-4974-80f1-694e09943b66,1
6bdbb748-dde3-4bcc-b989-f7687d5cf271,3
0e0116f1-d432-4360-a4b2-4b13010bc0e5,1
9118da90-e640-4ea5-9821-8822ef0612c6,1
d672b525-16f4-4412-bca2-3e1c4e5377a6,1
4d041063-aafa-44d9-a555-aa1d3dd2ea95,1
cfb6c8f9-1d55-4d81-bb01-2cead77e09e2,0
9162d4bc-9f99-4c51-936e-92082797cb17,1
dea3b708-307b-4d5f-a63e-1adb98ad435e,0
00ec3753-1801-49f5-9927-8b96d5e4341f,1
c880e01f-5294-4ca9-a7ae-5c0affbd5dec,0
e0da314e-e74f-4d62-b4a1-10792af3d278,0
320ac5d5-19e1-4fd2-9437-7f6307d1aa99,1
c067969e-4f1d-45ff-8c22-9c79d4cf75ed,1
43e2e0f2-730d-482d-941d-f1394639a2a8,1
d98c2336-cfb7-40ed-9bb6-e4ff6cda143d,1
b9f257cb-4294-49c7-9f2f-c8ee1d6c54a4,1
bb478e1f-f424-4bc5-9c2e-37c69bd97f24,3
04ba813b-eccb-441c-9c59-c8b950d9f443,3
92d6cb35-9e68-4253-be3a-5f6ef94b91a9,3
89a609e6-ec9c-428e-a5bf-76abd1cf611d,3
ee109fab-78ed-482d-80cd-ad96f47faee0,3
5fc1c9b1-018a-4a09-a15f-a4ac105bf07c,3
22954beb-e993-4c0d-89e5-e6d4c1e93cfa,2
9e7bf874-5cc8-4669-a61c-df999eaaf834,2
c88ae08a-0390-40a3-99fe-40013e5b930e,3
2a43d75f-c7ba-47cd-a051-466565c1b5ef,1
ac20e58c-280d-4abf-ad01-4709435a2944,3
de748663-d3c2-4e67-8f64-496a078cf130,1
3d9f4fbd-8389-45a7-af04-5cab6d05e276,1
81f568a6-f3e7-471c-ba29-b562595a8a2e,3
5dc44c38-0da6-4e4b-9f44-4dbaa232dd35,1
a07bce15-f34d-47f2-9d0b-a04971fa4457,1
2e56f82b-a80d-4704-83a5-14a52a117b65,1
f7c40656-b7b7-435b-a516-285afaa751db,2
c09c778a-d5c2-4dec-a3e8-e99f28065b97,3
d41aea8a-0c5a-47d5-b389-d0593bfe32cb,1
1b2f9cc9-f2a2-4fb2-894a-32264077d6fe,1
ff41f06c-3b42-4ca1-837e-6b6fa5c7e16b,1
075eeb54-1322-4596-bad4-1ae3cd902c35,1
e242fac5-693f-4e9d-9cd9-f70f07133c0f,1
a3cf6145-e60b-4ef5-88eb-9b999f6f456c,1
8fc148ef-3907-4266-ac11-1b1caf772107,1
87ce2659-6947-42ad-b1db-74563d68adb4,0
95dbfdef-0c0e-4677-9b11-ac2318981e4e,0
1b636cb7-9acc-4872-9c4d-e99af92409b7,0
6462ec09-b7b4-4080-95f3-3233a0eccaa9,1
b7d52fa6-dcfd-4adf-9024-0dc32ce28686,1
bcbbd605-d462-499e-9e80-95c63737b99d,1
90746b8f-f625-49a8-a957-a482c9de1816,0
36361daf-97cc-45e9-8ba2-ab13ece493a4,0
9a0c6e95-c190-418b-a255-25f7774dac65,0
54439e37-9ca6-476c-825a-0304a9dfcb26,3
75bca8ed-de31-4780-bd89-5e43386fe17c,1
8a84f5fb-accb-4950-81cb-b0a9c8178fd8,1
8d5b290d-49bb-4416-b941-f0791a82b1d7,0
2125ac29-9f0a-4622-b3eb-8420e853882c,0
bffc873b-e610-44c5-bb7f-c383642c5c7e,1
75d5e1ce-8682-4374-b3ee-11ff3a122104,1
8761157a-0b6f-4821-a352-10d6faf51505,0
807c5103-ccd5-4c18-8bc7-3a69d6c093c0,0
d0cbf874-020f-4a43-85f3-e136f09ee1da,2
0859ccb4-cfe1-4930-aaeb-63fc31b5844e,3
11507d39-b030-464d-95d4-d3ebbb0545a7,3
c84fd909-5885-4672-b8ca-0bc291cda986,0
f6f8a007-7d2e-4e3e-89bd-3fc5709682f4,0
c9bf28ea-da72-42e3-9721-73dd2d6c03e9,3
00957f2f-a340-4843-9ed8-a70ce4848bae,1
d1ce345d-8cb5-44b2-9013-3c5f4a809052,1
77988b8f-8a58-4dc2-9b92-8b7d4c0254b4,1
efad167d-ff24-4216-af83-e231f3db57eb,1
ada2d439-02d7-4b2d-b1fb-3aeae9a73334,1
1c6c26ac-9e1e-450a-b260-f1cfc4825d8e,1
99da9f39-2d62-4da9-993c-06c5eadcba5d,1
994d6484-f42b-43db-909f-0de61a2999bf,1
354f019f-8936-46c7-aa22-c7a3d399d21a,1
ae9679ce-2349-45e2-bc4c-07e0d4babcc0,1
cd671549-c18e-44d4-9c3b-1b0c228f87dc,1
214495fa-9e1c-4cee-80f0-2efb0d3e8d68,2
02871910-2424-46d2-bd2c-52a716b09c00,3
9b7a2684-622a-4565-9fd5-6a45d6459641,2
5fd86252-f5e2-4df2-a96a-d4f1bd750991,0
6a2dc825-fd93-414d-88c8-2171477ac50a,3
089c8297-8e4d-4b61-8b7b-cc36ae22796f,3
0e78e148-b436-411e-9990-32ae1926631a,1
faa4ba49-6740-4b61-a4f6-0809a4b4e04a,1
dcd64849-e00f-4395-98a4-3d507a711cac,0
c6abbd79-f092-42c4-90f2-4885abbd7b43,3
b0867545-e3a6-4536-bccd-9d4e1eff937e,3
97a980bc-618b-4514-9e91-f64d6372af33,2
99bdb0cc-ab82-49ee-8619-9db5dadd642f,3
eed02859-50cc-49f5-8b28-1ec074702cb7,1
c6e2a8e0-317d-49c6-97ba-9c0692359c59,1
549192db-201e-4728-b3f9-54938138c8d1,1
695800c4-9a50-43c4-9034-a9a4a6fb86d4,0
617f38fb-00fe-4ad2-ae0f-a64c4a5be1b1,3
a3958665-7b55-4b85-9e84-8856638defd5,1
e1741ce6-d9ae-41d3-990f-fd821daa8b8e,1
deca90e4-b417-43da-a397-1d3f43d426a3,3
be98823e-7de2-4c2e-952a-f4d8004891c2,3
0b2f966d-8a4e-4745-98a2-dbed042195b0,2
7fd6cfac-fab4-415c-acc5-a03e8896b0eb,2
eecb83ef-8836-4a6b-a880-5279f9f6d0c2,2
87d99bfa-3787-46fa-b3e2-b2c7c12b38cd,2
1d7b7693-2ed9-40f3-b3b2-3f04b897c001,2
a6dddd00-595d-41a8-9b00-c54a2591ad02,3
92727d04-a1fa-4f21-88a4-db85458f7f52,0
4abe8206-5516-481f-8df3-39702b02717b,2
a5be16c4-17fd-4301-a0f4-5770f68d13a7,3
dbb1dcaf-1c94-4960-86b1-23a763d1287f,2
15ecc0a5-3ba8-485b-ae6d-05da7ca16380,1
902ba47a-2f9d-4b5e-b285-b29a7c2b3437,1
69c91a28-89cc-4600-816b-b4be8eb9dbd6,3
294f8dc9-c7a3-4507-95d5-1e4d3c983ab3,0
bad5593f-a55f-40a4-8fe1-7a275ec99647,1
f721a82b-5c19-4702-9281-31821a070019,1
5ad0afbf-dc39-4adb-bbd5-c18012316bb5,3
a81228e6-1d54-44f6-a601-2a596c2793bc,2
f6fc0ebf-adee-45fb-9abb-87ca6ed036a7,2
24dcf5a7-c9f0-4063-973c-50e3d7644527,2
fd235a4b-4b4c-4744-9024-13fa158a1d37,3
a4aef4b9-1710-4bd3-b06a-eeb54d91926a,3
6ffc5ac6-4ec9-4f26-9a8e-0e18f9aa8931,2
b5d817fc-43cc-48bb-8c74-47f90842a5ea,2
0c7ce94b-aedb-4f60-9f22-92c22aac4b41,2
8fd1c83f-d180-44b3-8e41-334ad91f842d,2
80b0f3d7-755d-47b5-8429-6f0c22eb5b11,2
8cc002db-1ef0-4e9e-aaa4-7a88d9c70184,2
fd74092a-6e84-4c7e-bebb-149abfb92a24,2
99bbb98d-d06d-4633-a68c-9be3bb9f6011,2
0810e19e-0170-4a1e-930b-f5830e698dce,3
17eda4ce-6af4-42e1-b88a-ce900320fcfb,1
0dcb40f1-38f9-44d1-a023-99d80f143a79,3
b17341e7-5127-4816-8084-2b3bbeacea24,3
8ea698c1-5e7c-4b8c-b766-cec4201ec9fb,3
2b9db833-2ec8-427e-90f9-3e78078c466e,1
23e29e1b-81f6-489f-973f-7a607530da45,2
cf2fb887-37af-4f0d-90a5-78162a614731,3
87fb5edd-9f05-464c-ba26-51b4fc30b805,2
71721a5d-14cd-4583-b637-d802c9a85a21,0
aa2e0c44-58f4-4162-986e-777a2925fc4a,3
f749d7c2-09cb-4df1-af8a-4c486f38720c,2
b06d3ead-3ddf-4626-903f-bebd10c6ddc6,1
59e71962-efc6-4a32-b2e4-451e1c842585,1
45f606f3-b1f4-4384-9659-b2ae57299a17,1
eda0256a-dce3-4a1a-8b42-937f944c9fc9,0
d37ca22b-b1d7-4fd1-ad1b-d3ce1f054c12,0
47254f30-209c-4d1b-84ae-3bfab69be88f,2
fc2e478c-8d41-4125-8cbf-a02264018dcb,2
ed2fff75-f7e3-49c0-9b3a-2e983bbaac29,2
a0eac7b9-7ba5-4227-a01f-b28243eea520,2
666174b0-ac79-4abb-906f-28430dfd58b5,2
442a327c-6ee6-4629-ae37-10ed9055d37c,2
30b84c50-3dcd-419a-8667-036dcc5d5b2f,2
d8071191-6962-4d7f-9456-18587f52a79f,0
ba7f2899-836c-4189-8f40-756f176d3963,2
156b25cd-51f3-490b-8219-6cc724b7c4d3,2
f0684d5c-1063-4ed6-b5e3-2e1067f62b82,0
1d5ef170-7316-4527-a9e6-d56d9ececebe,0
fe4b10e5-0142-4e39-922b-2a51c65b1555,0
b47d1b17-c710-446c-b905-f911bb224867,0
9ea35dc5-31d5-423a-94c4-67f72ec258b5,0
74399b3e-4271-4e7e-926d-5980d4205925,0
c923865d-c488-4d15-a42d-b8ccfb17f160,2
af2d7f22-b634-4c68-bd31-cdfc05762b80,3
ae3af325-b4fe-4d3d-a82c-460c3c72f65b,1
21dc35af-198b-4118-90b9-869059cc0c6f,2
d8944d3a-4560-4fd1-855a-6e1dfb5b61cf,3
54fe5278-2928-4291-b6b6-a788c0731ab6,2
1f70190e-8134-4c09-ae03-9976205cd7bd,2
a3f38767-02ae-4990-be18-35ca819684a7,3
a56854e9-c206-4064-9d3b-e1f6df4279b2,3
4bb7cd1a-7bdf-42fb-af65-24f8d459a526,3
6f0f06a5-7a50-47d3-a8c9-97f60a269761,2
caa6b4e4-5b72-4376-a108-e0b809da93ea,2
333ed2b8-42b6-46be-b97a-18a5ebd7e75a,3
a092041b-9522-4000-a4fb-d706ad2ea626,2
24682f82-8800-42d6-974c-745383c184d7,2
dc93ec09-36f6-40c9-b1db-688ddb3ce74f,3
5577729f-0b99-4353-9ef6-17753364d568,2
4fd343fa-82e1-49dd-8a62-26aefbbed2a2,2
330c3578-5097-435e-82a1-f3e9d800b293,3
ac147147-6b71-497f-91c1-ea8883bf62f2,3
5084b8e6-b486-42ff-9f12-ff2fc588a0b6,2
a729fa01-8218-478f-bb98-24abf80749c9,2
35fba19e-c1dd-429c-b8c5-f42d4f726a3c,2
91e96c16-5391-4fd5-a3dc-11a83d9bac6a,2
917a843e-df6c-4233-92aa-95abfbde8ee8,2
c4f862df-fb60-4a05-afec-820c06f7525c,1
7a648f72-526f-4025-ba6a-87e2af63a66e,1
336f5e78-4278-4b78-84f1-b91490349f19,2
312c0393-be0a-47f2-a086-176d3ceb0972,2
efd27152-cf84-4017-86d6-6b97d83fb3a2,3
b2f5aed7-4a7c-4333-8cc2-2d0a1931b8d0,0
0d6ec83e-517c-4ac7-9d83-38ca54d637fc,0
560f5953-319c-4cf2-b91d-184967212f15,3
440ab201-7acd-4ab7-80dd-ddfccd2ffbe8,3
56c75e72-50ae-4e29-aea4-f6394e1d986b,3
d82bdfdb-7086-4b6b-9c1c-0ac0c11d8ad9,2
3b606200-2d2b-46cb-9d7e-146e9d5f564a,0
34bbc95d-9ea7-48ed-9422-28ce96070460,0
cadc217f-b8a2-4df4-b389-886fb43265c5,0
03c82871-807d-4a40-8021-fb911ab9e9c9,3
2f983087-e16f-4af5-8b4a-013bea185b18,2
889a1b4a-cea1-4609-828c-a8cfc227607c,2
c749f1ed-b590-4d6d-8eb7-071ced590894,2
1e64b529-5ecd-44df-b0ec-728f10bfa698,3
ec98a66f-6cc0-4a39-80d8-5b525b428ec7,0
8453ab51-f78f-4b28-93a5-248068505454,0
d6cf062a-c830-436c-b2d2-6ac0f0e37fc0,0
af3f137e-61b8-446f-931e-5de3bda5b9df,0
b106f67d-be65-47f2-8c4b-639063faaba8,0
84d82e50-f278-4280-8858-15d7b948b875,0
1c145fe8-a80c-421d-872e-7da9dfa90a6e,0
e851ab7e-598c-4026-9f80-93e09ee736db,3
effc5070-3946-439c-8b1c-f4f469bb319c,3
06405719-a98a-4920-826c-86ee523ffb50,3
8f74902e-31d3-418c-97a4-fd437dfe9e3e,3
dc696fa0-e0b2-465f-bd4a-21db18fa35fa,0
4b7c1ace-7e37-456c-994e-fca62a9b3e1f,1
b39b29dd-a83c-456f-943b-e99397074fe5,3
f0c155ab-4e67-48f1-8ff0-b3f3d4b2b479,3
72d06e8d-9be5-4922-835c-5d557165258b,2
732513c7-0864-4037-bb1e-1532518bca64,3
fde5043e-389b-4459-bf47-998f996fe375,3
9354b8e1-178a-42bf-b4ef-4ce2e4492d5f,0
7a965ba4-be4e-4833-a723-1f98ed1f24ac,2
82fc492f-0adc-49bd-8458-69bb1f0f318e,0
d3db6f2f-6218-4612-8a63-c26d4ac69658,0
90b02a62-3da9-4648-948c-52627d086a50,0
26ea35b5-2ccf-4fdc-884f-50a7c3a000b8,0
